index,name,Glass,Shake,Stir,Float,Frost,Blend,Build,Inst_sum,Gin,Liqueur,Juice,Cordial,Brandy,Rum,Whisky,Vodka,Wine,Beer,Soft Drink,Flower,Garnish,Milk,Cream,Syrup,Rimming,Sum
1,A1,Cocktail glass,1,0,0,0,0,0,1,2.625,1.5,0.375,0,0,0,0,0,0,0,0,0,0,0,0,0.19,0,4.687
2,ABC,Shot glass,0,0,0,0,0,0,0,0,0.334,0,0,0.334,0,0,0,0,0,0,0,0,0,0,0.00,0,0.668
3,Ace,Martini Glass,1,0,0,0,0,0,1,3,0,0,0,0,0,0,0,0,0,0,0,0,0.75,0.5,0.75,0,5
4,ACID,Shot glass,0,0,0,0,0,0,0,0,0,0,0,0,1,1,0,0,0,0,0,0,0,0,0.00,0,2
5,Adam,Cocktail glass,1,0,0,0,0,0,1,0,0,1,0,0,2,0,0,0,0,0,0,0,0,0,0.17,0,3.167
6,AT&T,Highball Glass,0,1,0,0,0,0,1,1,0,0,0,0,0,0,1,0,0,4,0,0,0,0,0.00,0,6
7,A. J.,Cocktail glass,1,0,0,0,0,0,1,0,0,2.5,0,0,0,0,0,0,0,0,0,0,0,0,0.00,0,2.5
8,Affair,Highball glass,0,0,0,0,0,0,0,0,2,2,0,0,0,0,0,0,0,0,0,0,0,0,0.00,0,4
9,Apello,Collins Glass,0,1,0,0,0,0,1,0,0,1.01,0,0,0,0,0,0,0,0,0,0,0,0,0.00,0,1.01
10,Avalon,Highball glass,0,1,0,0,0,0,1,0,1,1.5,0,0,0,0,3,0,0,0,0,0,0,0,0.00,0,5.5
11,Abilene,Highball glass,0,1,0,0,0,0,1,0,0,3,0,0,1.5,0,0,0,0,0,0,0,0,0,0.00,0,4.5
12,Addison,Martini Glass,1,0,0,0,0,0,1,2.25,0,0,0,0,0,0,0,2.25,0,0,0,0,0,0,0.00,0,4.5
13,Almeria,Cocktail glass,1,0,0,0,0,0,1,0,1,0,0,0,2,0,0,0,0,0,0,0,0,0,0.00,0,3
14,Acapulco,Old-fashioned glass,1,0,0,0,0,0,1,0,0.25,0.5,0,0,1.5,0,0,0,0,0,1,0,0,0,0.00,0,3.25
15,Affinity,Cocktail glass,0,1,0,0,0,0,1,0,0.04,0,0,0,0,1.5,0,1,0,0,0,0,0,0,0.00,0,2.54
16,Applecar,Cocktail glass,1,0,0,0,0,0,1,0,1,2,0,0,0,0,0,0,0,0,0,0,0,0,0.00,0,3
17,Aviation,Cocktail glass,1,0,0,0,0,0,1,1.521,0.5,0.508,0,0,0,0,0,0,0,0,0,0,0,0,0.00,0,2.529
18,Addington,Cocktail glass,1,0,0,0,0,0,1,0,0,0,0.1,0,0,0,0,1.5,0,0,0,0,0,0,0.00,0,1.6
19,After sex,Highball glass,0,0,0,0,0,0,0,0,0.338,0,0,0,0,0,0.676,0,0,0,0,0,0,0,0.00,0,1.014
20,Afterglow,Highball Glass,0,0,0,0,0,0,0,0,0,4,0,0,0,0,0,0,0,0,0,0,0,0,1.00,0,5
21,Afternoon,Collins Glass,0,0,0,0,0,1,1,0,0.507,0,1.352,0,0,0,0,0,0,0,0,0,0,0,0.00,0,1.859
22,Alexander,Cocktail glass,1,0,0,0,0,0,1,0.5,0.5,0,0,0,0,0,0,0,0,0,0,0,0,2,0.00,0,3
23,Algonquin,Cocktail glass,1,0,0,0,0,0,1,0,0,1,0,0,0,1.5,0,1,0,0,0,0,0,0,0.00,0,3.5
24,Allegheny,Cocktail glass,1,0,0,0,0,0,1,0,0,0.25,0,0.25,0,1,0,1,0,0,0,0,0,0,0.00,0,2.5
25,B-52,Shot glass,0,1,0,0,0,0,1,0,0.25,0,0,0,0,0,0,0,0,0,0,0,0,0,0.00,0,0.25
26,B-53,Collins Glass,0,0,0,0,0,0,0,0,0.45,0,0,0,0,0,0,0,0,0,0,0,0,0,0.00,0,0.45
27,Bijou,Cocktail glass,0,1,0,0,0,0,1,1,1.02,0,0,0,0,0,0,1,0,0,0,0,0,0,0.00,0,3.02
28,Boxcar,Whiskey sour glass,1,0,0,0,0,0,1,1.5,1,0.167,0,0,0,0,0,0,0,0,0,0,0,0,0.09,0,2.754
29,Big Red,Shot glass,0,0,0,0,0,0,0,0,0.5,0,0,0.5,0,0,0,0,0,0,0,0,0,0,0.00,0,1
30,Bellini,Champagne Flute,0,1,0,0,0,0,1,0,1,0,0,0,0,0,0,6,0,0,0,0,0,0,0.00,0,7
31,Bramble,Old-Fashioned glass,0,1,0,0,0,1,2,1.352,0.507,2.25,0,0,0,0,0,0,0,0,0,0,0,0,0.34,0,2.197
32,Balmoral,Cocktail glass,0,1,0,0,0,0,1,0,0,0,0,0,0,1.5,0,0.5,0,0,0,0,0,0,0.00,0,2
33,Bluebird,Cocktail glass,0,1,0,0,0,0,1,1.5,0.5,0,0,0,0,0,0,0,0,0,0,0,0,0,0.00,0,2
34,Brooklyn,Cocktail glass,0,1,0,0,0,0,1,0,0.31,0,0,0,0,2,0,1,0,0,0,0,0,0,0.00,0,3.31
35,Bora Bora,Highball glass,1,0,0,0,1,0,2,0,0,0.507,0,0,0,0,0,0,0,0,0,0,0,0,0.34,0,0.845
36,Boomerang,Cocktail glass,0,1,0,0,0,0,1,2,0.084,0,0,0,0,0,0,1,0,0,0,0,0,0,0.00,0,3.084
37,Barracuda,Margarita glass,1,0,0,0,0,0,1,0,0.507,0.02,0,0,1.521,0,0,0.1,0,0,0,0,0,0,0.00,0,2.148
38,Brigadier,Coupe Glass,0,1,0,0,0,0,1,0,1,0,0,0,0,0,0,0,0,0,0,0,0,0,0.00,0,1
39,Broadside,Highball glass,0,0,0,0,0,0,0,0,0,0,0,0,1.5,0.75,0,0,0,0,0,0,0,0,0.00,0,2.25
40,Buccaneer,Beer pilsner,0,1,0,0,0,0,1,0,0,0,0,0,1.5,0,0,0,1,0,0,0,0,0,0.00,0,2.5
41,Brain Fart,Punch bowl,0,0,0,0,0,0,0,0,0,10,0,0,16,0,20,0,0,67,0,0,0,0,0.00,0,113
42,Blackthorn,Cocktail glass,0,1,0,0,0,0,1,0,1.5,0,0,0,0,0,0,1,0,0,0,0,0,0,0.00,0,2.5
43,Bob Marley,Shot glass,0,0,0,0,0,0,0,0,0.5,0,0,0.5,0,0,0,0,0,0,0,0,0,0,0.00,0,1
44,Bible Belt,Highball glass,0,0,0,0,0,0,0,0,0.5,0.42,0,0,0,0,0,0,0,2,0,0,0,0,0.00,0,2.92
45,Bubble Gum,Shot glass,0,0,0,0,0,0,0,0,0.5,0.25,0,0,0,0,0.25,0,0,0,0,0,0,0,0.00,0,1
46,Bumble Bee,Shot glass,0,0,0,0,0,0,0,0,0.334,0,0,0,0,0,0,0,0,0,0,0,0,0,0.00,0,0.334
47,Baby Eskimo,Collins Glass,0,1,0,0,0,0,1,0,2,0,0,0,0,0,0,0,0,0,0,0,8,0,0.00,0,10
48,Boston Sour,Whiskey sour glass,1,0,0,0,1,0,2,0,0,1,0,0,0,2,0,0,0,0,0,0,0,0,0.00,0,3
49,Bahama Mama,Highball glass,0,0,0,0,0,0,0,0,1,2,0,0,1,0,0,0,0,1,0,0,0,0,1.00,0,6
50,Casino,Cocktail glass,1,0,0,0,0,0,1,2,0.06,0.41,0,0,0,0,0,0,0,0,0,0,0,0,0.00,0,2.47
51,Cafe Savoy,Coffee mug,0,1,0,0,0,0,1,0,0.5,0,0,0,0,0,0,0,0,0,0,0,0.5,0,0.00,0,1
52,Cream Soda,Highball glass,0,0,0,0,0,0,0,0,0.5,0,0,0,0,0,0,0,0,0,0,0,0,0,0.00,0,0.5
53,Cuba Libra,Highball glass,0,0,0,0,0,0,0,0,0,0.5,0,0,0.5,0,0,0,0,1,0,0,0,0,0.00,0,2
54,Cherry Rum,Cocktail glass,1,0,0,0,0,0,1,0,0.25,0,0,0,1.25,0,0,0,0,0,0,0,0,0.5,0.00,0,2
55,Cuba Libre,Highball glass,0,0,0,0,0,1,1,0,0,0.5,0,0,2,0,0,0,0,0,0,0,0,0,0.00,0,2.5
56,Corn n Oil,Old-fashioned glass,0,1,1,0,0,0,2,0,0.04,0.5,0,0,1,0,0,0,0,0,0,0,0,0,0.33,0,1.874
57,Citrus Coke,Highball Glass,0,1,0,0,0,0,1,0,0,0,0,0,1,0,0,0,0,2,0,0,0,0,0.00,0,3
58,Casa Blanca,Cocktail glass,1,0,0,0,0,0,1,0,0.25,0.25,0,0,2,0,0,0,0,0,0,0,0,0,0.00,0,2.5
59,Clover Club,Cocktail glass,1,0,0,0,0,0,1,1.5,0,0.5,0,0,0,0,0,0,0,0,0,0,0,0,0.33,0,2.334
60,Caipirissima,Collins Glass,0,0,0,0,0,0,0,0,0,2,0,0,2.5,0,0,0,0,0,0,0,0,0,0.00,0,4.5
61,Campari Beer,Beer mug,0,0,0,0,0,0,0,0,0.507,0,0,0,0,0,0,0,16,0,0,0,0,0,0.00,0,16.507
62,Chicago Fizz,Highball glass,1,1,0,0,0,0,2,0,0,0.5,0,0,1,0,0,1,0,0,0,0,0,0,0.00,0,2.5
63,Cosmopolitan,Cocktail glass,1,0,0,0,0,0,1,0,0.25,2,0,0,0,0,1.25,0,0,0,0,0,0,0,0.00,0,3.5
64,Coffee-Vodka,Collins Glass,1,1,0,0,0,0,2,0,0,0,20,0,0,0,12,0,0,0,0,0,0,0,0.00,0,32
65,Casino Royale,Whiskey sour glass,1,0,0,0,0,0,1,2,1.9,0.5,0,0,0,0,0,0,0,0,0,0,0,0,0.00,0,4.4
66,Chocolate Milk,Shot Glass,0,0,0,0,0,0,0,0,0.02,0,0,0,0,0,0,0,0,0,0,0,0.75,0,0.00,0,0.77
67,Clove Cocktail,Cocktail glass,0,1,0,0,0,0,1,0,0.5,0,0,0,0,0,0,1.5,0,0,0,0,0,0,0.00,0,2
68,Coffee Liqueur,Collins Glass,0,0,0,0,0,0,0,0,0,0,25,0,0,0,32,0,0,0,0,0,0,0,0.00,0,57
69,Coke and Drops,Cocktail glass,0,0,0,0,0,0,0,0,0,0.15,0,0,0,0,0,0,0,3.381,0,0,0,0,0.00,0,3.531
70,Chocolate Drink,Coffee mug,0,0,0,0,0,0,0,0,0,0,0,0,0,0,0,0,0,0,0,0,25.3,0,0.00,0,25.3
71,Cranberry Punch,Punch Bowl,0,1,0,0,0,0,1,0,0,32,0,0,0,0,0,0,0,64,0,0,0,0,0.00,0,96
72,Derby,Cocktail glass,0,1,0,0,0,0,1,2.028,0.04,0,0,0,0,0,0,0,0,0,1,0,0,0,0.00,0,3.068
73,Diesel,Pint glass,0,0,0,0,0,0,0,0,0,0,0,0,0,0,0,0,16,8,0,0,0,0,0.00,0,24
74,Daiquiri,Cocktail glass,1,0,0,0,0,0,1,0,0,0.5,0,0,1.5,0,0,0,0,0,0,0,0,0,0.00,0,2
75,Danbooka,Coffee Mug,0,0,0,0,0,0,0,0,0,0,3,0,0,0,0,0,0,0,0,0,0,0,0.00,0,3
76,Dragonfly,Highball glass,0,1,0,0,0,0,1,1.5,0,1,0,0,0,0,0,0,0,4,0,0,0,0,0.00,0,6.5
77,Dry Martini,Cocktail glass,0,1,0,0,0,0,1,1.667,0,0,0,0,0,0,0,0.334,0,0,0,0,0,0,0.00,0,2.001
78,Dry Rob Roy,Cocktail glass,0,1,0,0,0,0,1,0,0,0,0,0,0,2.5,0,0.25,0,0,0,0,0,0,0.00,0,2.75
79,Dirty Martini,Cocktail glass,1,0,0,0,0,0,1,0,0,0.21,0,0,0,0,2.4,0.5,0,0,0,0,0,0,0.00,0,3.11
80,Darkwood Sling,Cocktail glass,0,0,0,0,0,0,0,0,1,1,1,0,0,0,0,0,0,0,0,0,0,0,0.00,0,3
81,Dark and Stormy,Highball glass,0,0,0,0,0,0,0,0,0,0,0,0,1.7,0,0,0,0,3.39,0,0,0,0,0.00,0,5.09
82,Duchamp's Punch,Old-fashioned glass,1,0,0,0,0,0,1,0,0.55,1.7,0,1.7,0,0,0,0,0,0,1,0,0,0,0.00,0,4.95
83,Damned if you do,Shot glass,0,0,0,0,0,0,0,0,0,0,0,0,0,0.75,0,0,0,0,0,0,0,0,0.00,0,0.75
84,Dubonnet Cocktail,Cocktail glass,0,1,0,0,0,0,1,0.75,1.5,0,0,0,0,0,0,0,0,0,0,0,0,0,0.00,0,2.25
85,Drinking Chocolate,Coffee mug,0,0,0,0,0,0,0,0,0,0,0,0,0,0,0,0,0,0,0,0,7,1,0.00,0,8
86,Egg Cream,Coffee mug,0,0,0,0,0,0,0,0,0,0,6,0,0,0,0,0,0,0,0,0,6,0,2.00,0,14
87,Egg Nog #4,Punch bowl,0,1,0,0,1,0,2,0,0,0,0,0,4,4,0,0,0,0,0,0,16,8,0.00,1,33
88,Espresso Martini,Cocktail glass,1,0,0,0,0,0,1,0,1,0,0,0,0,0,1.7,0,0,0,0,0,0,0,0.02,0,2.72
89,Espresso Rumtini,Cocktail glass,0,0,0,0,0,0,0,0,0,0,1.5,0,1.5,0,0,0,0,0,0,0,0,0,0.75,0,3.75
90,Egg Nog - Healthy,Collins Glass,0,0,0,0,0,0,0,0,0,0,0,0,0.167,0,0,0,0,0,0,0,6,0,0.00,0,6.167
91,English Rose Cocktail,Cocktail glass,1,0,0,0,0,0,1,1.5,0,0.042,0,0.75,0,0,0,0.75,0,0,0,0,0,0,0.17,0,3.209
92,Egg-Nog - Classic Cooked,Pitcher,0,1,0,0,0,0,1,0,0,0,0,0,0,0,0,0,0,0,0,0,32,0,0.00,1,33
93,Empell√≥n Cocina's Fat-Washed Mezcal,Beer Glass,1,1,0,0,0,0,2,0,2.5,0,0,0,0,0,0,0,0,0,0,0,0,0,0.00,0,2.5
94,Fros√©,Cocktail glass,1,1,0,1,1,0,4,0,0,10.5,0,0,0,0,0,25.36,0,0,0,0,0,0,0.00,0,35.86
95,Frapp√©,Highball Glass,0,0,0,0,1,0,1,0,0,0,4,0,0,0,0,0,0,0,0,0,4,0,0.00,0,8
96,Foxy Lady,Cocktail glass,1,0,0,0,0,0,1,0,1,0,0,0,0,0,0,0,0,0,0,0,0,2,0.00,0,3
97,French 75,Collins glass,1,1,0,0,0,0,2,1.5,0,2.5,0,0,0,0,0,4,0,0,0,0,0,0,0.00,0,8
98,Figgy Thyme,Highball glass,1,0,0,0,0,0,1,0,0.004,3,0,0,0,0,2,0,0,0.1,1,0,0,0,0.00,0,6.104
99,Frisco Sour,Whiskey sour glass,1,0,0,0,0,0,1,0,0,1,0,0,0,2,0,0,0,0,0,0,0,0,0.00,0,3
100,Fruit Shake,Highball Glass,0,0,0,0,1,0,1,0,0,4.5,0,0,0,0,0,0,0,0,0,0,0,8,0.00,0,12.5
101,Fruit Cooler,Highball Glass,0,0,0,0,0,0,0,0,0,1,33.84,0,0,0,0,0,0,0,0,0,0,0,0.00,0,1
102,Freddy Kruger,Shot glass,0,0,0,0,0,0,0,0,0.5,0,0,0,0,0,0.5,0,0,0,0,0,0,0,0.00,0,1
103,Funk and Soul,Collins glass,0,0,0,0,0,0,0,0,0,0.08,0.1,0,3,0,0,0,0,0,0,0,0,0,0.00,0,3.18
104,Fuzzy Asshole,Coffee mug,0,1,0,0,0,0,1,0,0.5,0,0.5,0,0,0,0,0,0,0,0,0,0,0,0.00,0,1
105,French Martini,Cocktail glass,1,0,0,0,0,0,1,0,0.507,0.508,0,0,0,0,1.521,0,0,0,0,0,0,0,0.00,0,2.536
106,French Negroni,Martini Glass,1,1,0,0,0,0,2,1,0,1,0,0,0,0,0,1,0,0,0,0,0,0,0.00,0,3
107,Fahrenheit 5000,Shot glass,0,0,0,0,0,0,0,0,0,0,0,0,0,0,0.5,0,0,0,0,0,0,0,0.00,0,0.5
108,Flying Dutchman,Old-fashioned glass,0,1,0,0,0,0,1,2,0.5,0,0,0,0,0,0,0,0,0,0,0,0,0,0.00,0,2.5
109,Frozen Daiquiri,Champagne flute,0,0,0,0,1,0,1,0,0.5,1.5,0,0,1.5,0,0,0,0,0,0,0,0,0,0.00,0,3.5
110,Fruit Flip-Flop,Highball Glass,0,0,0,0,1,0,1,0,0,8,0,0,0,0,0,0,0,0,0,0,0,8,0.00,0,16
111,Flying Scotchman,Cocktail glass,1,0,0,0,0,0,1,0,0,0,0,0,0,1,0,1,0,0,0,0,0,0,0.17,0,2.167
112,French Connection,Old-fashioned glass,0,1,0,0,0,0,1,0,0.75,0,0,1.5,0,0,0,0,0,0,0,0,0,0,0.00,0,2.25
113,Flaming Dr. Pepper,Collins Glass,0,0,0,0,0,0,0,0,1,0,0,0,1,0,1,0,1,1,0,0,0,0,0.00,0,5
114,Flaming Lamborghini,Cocktail glass,0,0,0,0,0,0,0,0,1,0,0,0,0,0,0,0,0,0,0,0,0,0,0.00,0,1
115,Flander's Flake-Out,Collins Glass,0,0,0,0,0,0,0,0,0.432,0,0,0,0,0,0,0,0,1.2,0,0,0,0,0.00,0,1.632
116,Frozen Mint Daiquiri,Old-fashioned glass,0,0,0,0,1,0,1,0,0,0.5,0,0,2,0,0,0,0,0,1,0,0,0,0.00,0,3.5
117,Frozen Pineapple Daiquiri,Cocktail Glass,0,0,0,0,1,0,1,0,0,1,0,0,1.5,0,0,0,0,0,0,0,0,0,0.00,0,2.5
118,GG,Collins Glass,0,0,0,0,0,0,0,0,3.75,0,0,0,0,0,0,0,0,0,0,0,0,0,0.00,0,3.75
119,Gimlet,Martini Glass,1,0,0,0,0,0,1,2.5,0,1.5,0,0,0,0,0,0,0,0,0,0,0,0,0.50,0,4.5
120,Godchild,Champagne flute,1,0,0,0,0,0,1,0,1,0,0,0,0,0,1,0,0,0,0,0,0,1,0.00,0,3
121,Gin Fizz,Highball glass,1,0,0,0,0,0,1,2,0,0.5,0,0,0,0,0,0,0,0,0,0,0,0,0.00,0,2.5
122,Gin Sour,Whiskey sour glass,1,0,0,0,0,0,1,2,0,2,0,0,0,0,0,0,0,0,0,0,0,0,0.00,0,4
123,Gagliardo,Cocktail glass,1,0,0,0,0,0,1,0,1,3,0,0,0,0,5,0,0,0,0,0,0,0,1.00,0,10
124,Godmother,Old-fashioned glass,0,0,0,0,0,0,0,0,0.75,0,0,0,0,0,1.5,0,0,0,0,0,0,0,0.00,0,2.25
125,Godfather,Old-fashioned glass,0,1,0,0,0,0,1,0,0.75,0,0,0,0,1.5,0,0,0,0,0,0,0,0,0.00,0,2.25
126,Gluehwein,Irish coffee cup,0,0,0,0,0,0,0,0,0,0,4.226,0,0,0,0,33.814,0,0,0,0,0,0,0.00,0,38.04
127,Gin Tonic,Highball glass,0,0,0,0,0,0,0,1.352,0,0,0,0,0,0,0,0,0,3.381,0,0,0,0,0.00,0,4.733
128,Gin Toddy,Old-fashioned glass,0,1,0,0,0,0,1,2,0,0,0.167,0,0,0,0,0,0,0,0,0,0,0,0.00,0,2.167
129,Gin Smash,Old-fashioned glass,0,1,0,0,0,0,1,2,0,1,1,0,0,0,0,0,0,0,1,0,0,0,0.00,0,5
130,Gin Daisy,Old-fashioned glass,1,0,0,0,0,0,1,2,0,2,0,0,0,0,0,0,0,0,0,0,0,0,0.09,0,4.087
131,Gin Lemon,Highball glass,1,0,0,0,0,0,1,2.028,0,2.705,0,0,0,0,0,0,0,0,0,0,0,0,0.00,0,4.733
132,Gin Sling,Old-fashioned glass,0,1,0,0,0,0,1,2,0,0.05,0.167,0,0,0,0,0,0,0,0,0,0,0,0.00,0,2.217
133,Greyhound,Collins glass,0,1,0,0,0,0,1,0,0,3,0,0,0,0,1.5,0,0,0,0,0,0,0,0.00,0,4.5
134,Gin Rickey,Highball glass,0,0,0,0,0,0,0,2,0,0,0.1,0,0,0,0,0,0,0,0,0,0,0,0.09,0,2.187
135,Gin Squirt,Highball glass,0,1,0,0,0,0,1,1.5,0,2,0,0,0,0,0,0,0,0,0,0,0,0,0.17,0,3.667
136,Grand Blue,Old-fashioned glass,0,0,0,0,0,0,0,0,1.01,0,0,0,0.507,0,0,0,0,1.01,0,0,0,0,0.00,0,2.527
137,Gin Cooler,Collins glass,0,1,0,0,0,0,1,2,0,0,0,0,0,0,0,0,0,0,0,0,0,0,0.00,0,2
138,Gin Swizzle,Highball glass,1,1,0,1,0,0,3,2,0,1.5,0,0,0,0,0,0,0,0,0,0,0,0,0.00,0,3.5
139,Grass Skirt,Old-fashioned glass,1,0,0,0,0,0,1,1.5,1,2,0,0,0,0,0,0,0,0,0,0,0,0,0.09,0,4.587
140,Grasshopper,Cocktail glass,1,0,0,0,0,0,1,0,1.5,0,0,0,0,0,0,0,0,0,0,0,0,0.75,0.00,0,2.25
141,Grim Reaper,Old-fashioned glass,0,0,0,0,0,0,0,0,1,0,0,0,1,0,0,0,0,0,0,0,0,0,0.02,0,2.02
142,Gin and Soda,Highball glass,0,1,0,0,0,0,1,2,0,0.25,5,0,0,0,0,0,0,0,0,0,0,0,0.00,0,7.25
143,H.D.,Beer mug,0,0,0,0,0,0,0,0,2.7,0,0,0,0,1.352,0,0,0,0,0,0,0,0,0.00,0,4.052
144,Honey Bee,Margarita glass,1,0,0,0,0,0,1,0,0,0.68,0,0,2.02,0,0,0,0,0,0,0,0,0,0.00,0,2.7
145,Hot Toddy,Irish coffee cup,0,0,0,0,0,0,0,0,0,1,0,0,0,1.7,0,0,0,0,0,0,0,0,0.00,0,2.7
146,Herbal flame,Mason jar,0,1,0,0,0,0,1,0,0,0,0.1,0,0,0,0,0,0,0,0,0,0,0,0.00,0,0.1
147,Happy Skipper,Highball glass,0,0,0,0,0,0,0,0,0.507,0,0,0,0,0,0,0,0,0,0,0,0,0,0.00,0,0.507
148,Hunter's Moon,Balloon Glass,1,0,0,0,0,0,1,0,0,0,0,0,0,0,0,0.845,0,3.381,0,0,0,0,0.34,0,4.564
149,Halloween Punch,Punch bowl,0,0,0,0,0,0,0,0,0,6,0,0,0,0,6.762,0,0,0,0,0,0,0,0.00,0,12.762
150,Havana Cocktail,Cocktail glass,1,0,0,0,0,0,1,0,0,0.17,0,0,1,0,0,0,0,0,0,0,0,0,0.00,0,1.17
151,Homemade Kahlua,Collins Glass,0,0,0,0,0,0,0,0,0,0,25.5,0,0,0,0.2,0,0,0,0,0,0,0,8.00,0,33.7
152,Hot Creamy Bush,Irish coffee cup,0,0,0,0,0,0,0,0,1.125,0,6,0,0,1.5,0,0,0,0,0,0,0,0,0.00,0,8.625
153,Harvey Wallbanger,Collins glass,0,1,1,0,0,0,2,0,0.5,4,0,0,0,0,1,0,0,0,0,0,0,0,0.00,0,5.5
154,Hawaiian Cocktail,Cocktail glass,1,0,0,0,0,0,1,2,0.5,0.5,0,0,0,0,0,0,0,0,0,0,0,0,0.00,0,3
155,Hemingway Special,Cocktail glass,1,0,0,0,0,0,1,0,3,3,0,0,12,0,0,0,0,0,0,0,0,0,0.00,0,18
156,Highland Fling Cocktail,Cocktail glass,0,1,0,0,0,0,1,0,0.04,0,0,0,0,1.5,0,0.75,0,0,0,0,0,0,0.00,0,2.29
157,Hot Chocolate to Die for,Coffee mug,0,1,0,0,0,0,1,0,0,0,0,0,0,0,0,0,0,8,0,0,0,0,0.00,0,8
158,Ipamena,Wine Glass,1,1,0,0,0,0,2,0,0,0,0,0,0,0,0,0,0,1,0,0,0,0,0.00,0,1
159,Ice Pick,Collins Glass,0,1,0,0,0,0,1,0,0,0,0,0,0,0,1.5,0,0,0,0,0,0,0,0.00,0,1.5
160,Iced Coffee,Coffee mug,1,0,0,0,1,0,2,0,0,0,4,0,0,0,0,0,0,0,0,0,32,0,0.00,0,36
161,Irish Cream,Irish coffee cup,0,0,0,0,0,0,0,0,0,0,0,0,0,8,0,0,0,10,0,0,16,0,0.50,0,34.5
162,Irish Coffee,Irish coffee cup,0,0,0,0,0,0,0,0,0,0,8,0,0,1.5,0,0,0,0,0,0,0,0.5,0.00,0,10
163,Irish Spring,Collins glass,0,0,0,0,0,0,0,0,0,2,0,0.5,0,1,0,0,0,1,0,0,0,0,0.00,0,4.5
164,Imperial Fizz,Highball glass,1,1,0,0,0,0,2,0,0,0.5,0,0,0.5,1.5,0,0,0,0,0,0,0,0,0.00,0,2.5
165,Irish Russian,Highball glass,0,0,0,0,0,0,0,0,1.5,0,0,0,0,0,1.5,0,1,0.02,0,0,0,0,0.00,0,4.02
166,Imperial Cocktail,Cocktail glass,1,0,0,0,0,0,1,0.676,1.35,1.352,0,0,0,0,0,0,0,0,0,0,0,0,0.00,0,3.378
167,Iced Coffee Fillip,Coffee mug,0,0,0,0,0,0,0,0,0.334,0,0.1,0,0,0,0,0,0,0,0,0,0,0,0.00,0,0.434
168,Irish Curdling Cow,Highball glass,0,0,0,0,0,0,0,0,0.75,2.5,0,0,0,0.75,0.75,0,0,0,0,0,0,0,0.00,0,4.75
169,Jam Donut,Shot glass,0,0,0,0,0,0,0,0,0.334,0,0,0,0,0,0,0,0,0,0,0,0,0,0.17,0,0.501
170,Jitterbug,Cocktail Glass,0,0,0,0,0,0,0,3,0,1.5,0.1,0,0,0,1,0,0,0,0,0,0,0,0.06,0,5.66
171,Jackhammer,Collins Glass,0,0,0,0,0,0,0,0,1,0,0,0,0,1,0,0,0,0,0,0,0,0,0.00,0,2
172,Jelly Bean,Cordial glass,0,0,0,0,0,0,0,0,0,0,0,1,0,0,0,0,0,0,0,0,0,0,0.00,0,1
173,Jello shots,Shot glass,0,0,0,0,0,0,0,0,0,0,24,0,0,0,16,0,0,0,0,0,0,0,0.00,0,40
174,Jamaica Kiss,Hurricane glass,0,0,0,0,1,0,1,0,1.5,0,0,0,1.5,0,0,0,0,0,0,0,0,0,0.00,0,3
175,John Collins,Collins glass,0,1,0,0,0,0,1,0,0,2,0,0,0,2,0,0,0,0,0,0,0,0,0.00,0,4
176,Japanese Fizz,Highball glass,1,1,0,0,0,0,2,0,0,0.5,0,0,0,1.5,0,0.5,0,0,0,0,0,0,0.00,0,2.5
177,Jamaican Coffee,Champagne flute,0,1,0,0,0,0,1,0,0,0,0.8,0,0.267,0,0,0,0,0,0,0,0,0,0.00,0,1.067
178,Just a Moonmint,Highball Glass,0,0,0,0,1,0,1,0,0,0,0,0,0,0,0,0,0,0,0,0,16,0,0.00,0,16
179,Jewel Of The Nile,Cocktail glass,0,1,0,0,0,0,1,1.5,1,0,0,0,0,0,0,0,0,0,0,0,0,0,0.00,0,2.5
180,Jack Rose Cocktail,Cocktail glass,1,0,0,0,0,0,1,0,0,0.5,0,1.5,0,0,0,0,0,0,0,0,0,0,0.17,0,2.167
181,Jack's Vanilla Coke,Old-fashioned glass,0,1,0,0,0,0,1,0,0,0,0,0,0,2,0,0,0,11,0,0,0,0,0.00,0,13
182,Kir,Wine Glass,0,0,0,0,0,0,0,0,1,0,0,0,0,0,0,5,0,0,0,0,0,0,0.00,0,6
183,Karsk,Highball glass,0,0,0,0,0,0,0,0,2,0,1,0,0,0,0,0,0,0,0,0,0,0,0.00,0,3
184,Kamikaze,Cocktail glass,1,0,0,0,0,0,1,0,1,1,0,0,0,0,1,0,0,0,0,0,0,0,0.00,0,3
185,Kir Royale,Champagne Flute,0,0,0,0,0,0,0,0,1,0,0,0,0,0,0,5,0,0,0,0,0,0,0.00,0,6
186,Kiwi Lemon,Highball glass,0,1,0,0,0,0,1,0,1,0,0,0,0,0,0,0,0,0,0,0,0,0,0.00,0,1
187,Kurant Tea,Champagne flute,0,0,0,0,0,0,0,0,0,0,0.1,0,0,0,1.352,0,0,0,0,0,0,0,0.00,0,1.452
188,Kiwi Martini,Cocktail glass,1,0,1,0,0,0,2,0,0,0,0,0,0,0,1.5,0,0,0,0,0,0,0,0.17,0,1.667
189,Kiss me Quick,Highball glass,0,0,0,0,0,0,0,0,0,0,0,0,0,0,1.352,0,0,2.37,0,0,0,0,0.00,0,3.722
190,Kool-Aid Shot,Old-fashioned glass,0,1,0,0,0,0,1,0,1.5,0,0,0,0,0,1.5,0,0,0,0,0,0,0,0.00,0,3
191,Kool First Aid,Shot glass,0,0,0,0,0,0,0,0,0,0,0,0,2,0,0,0,0,0,0,0,0,0,0.00,0,2
192,Kentucky B And B,Brandy snifter,0,0,0,0,0,0,0,0,0,0,0,0,0,2,0,0,0,0,0,0,0,0,0.00,0,2
193,Kentucky Colonel,Cocktail glass,1,0,0,0,0,0,1,0,0,0,0,0,0,3,0,0,0,0,0,0,0,0,0.00,0,3
194,Kool-Aid Slammer,Shot glass,0,0,0,0,0,0,0,0,0,0,0,0,0,0,0.5,0,0,0,0,0,0,0,0.00,0,0.5
195,Kiwi Papaya Smoothie,Highball Glass,0,0,0,0,1,0,1,0,0,0.5,0,0,0,0,0,0,0,0,0,0,0,0,0.00,0,0.5
196,Kill the cold Smoothie,Highball glass,0,0,0,0,0,0,0,0,0,0.5,8,0,0,0,0,0,0,0,0,0,0,0,0.00,0,8.5
197,Limeade,Highball glass,0,1,0,0,0,0,1,0,0,0,10,0,0,0,0,0,0,0,0,0,0,0,0.00,0,10
198,Lunch Box,Pint glass,0,0,0,0,0,0,0,0,1.5,1,0,0,0,0,0,0,12,0,0,0,0,0,0.00,0,14.5
199,Lemon Drop,Cocktail glass,1,0,0,0,0,0,1,0,2.25,0.21,0,0,0,0,1.5,0,0,0,0,0,0,0,0.00,0,3.96
200,Lemon Shot,Shot glass,0,0,0,0,0,0,0,0,0.5,0.21,0,0,0,0,0.5,0,0,0,0,0,0,0,0.00,0,1.21
201,Long vodka,Highball glass,1,1,0,0,0,0,2,0,0.09,0.5,0,0,0,0,1.7,0,0,3.381,0,0,0,0,0.00,0,5.671
202,Lassi Khara,Highball Glass,0,0,0,0,1,0,1,0,0,0,16,0,0,0,0,0,0,0,0,0,0,8,0.00,1,25
203,Lassi Raita,Highball Glass,0,0,0,0,1,0,1,0,0,0,0,0,0,0,0,0,0,0,0,0,0,16,0.00,0,16
204,Lemouroudji,Highball Glass,0,0,0,0,0,0,0,0,0,16,128,0,0,0,0,0,0,0,0,0,0,0,0.00,1,145
205,Loch Lomond,Cocktail glass,0,1,0,0,0,0,1,0,0.5,0,0,0,0,2,0,0.5,0,0,0,0,0,0,0.00,0,3
206,London Town,Cocktail glass,0,1,0,0,0,0,1,1.5,0.52,0,0,0,0,0,0,0,0,0,0,0,0,0,0.00,0,2.02
207,Lassi - Mango,Highball glass,0,0,0,0,1,0,1,0,0,0,8,0,0,0,0,0,0,0,0,0,0,16,0.00,0,24
208,Lassi - Sweet,Highball glass,0,0,0,0,1,0,1,0,0,2,16,0,0,0,0,0,0,0,0,0,0,8,0.00,1,27
209,Limona Corona,Beer Glass,0,0,0,0,0,0,0,0,0,0,0,0,1,0,0,0,16,0,0,0,0,0,0.00,0,17
210,Lord And Lady,Old-fashioned glass,0,1,0,0,0,0,1,0,0.5,0,0,0,1.5,0,0,0,0,0,0,0,0,0,0.00,0,2
211,Lady Love Fizz,Cocktail glass,1,1,0,0,0,0,2,2,0,0.5,0,0,0,0,0,0,0,0,0,0,0,1,0.00,0,3.5
212,Lone Tree Cocktail,Cocktail glass,0,1,0,0,0,0,1,1.5,0,0,0,0,0,0,0,0.75,0,0,0,0,0,0,0.00,0,2.25
213,Lazy Coconut Paloma,Highball glass,0,0,0,0,0,0,0,0,1.01,2.526,0.1,0,0,0,0,0,0,0,0,0,0,0,0.00,0,3.636
214,Lemon Elderflower Spritzer,Highball glass,0,1,0,0,0,0,1,0,0,0,3,0,0,0,1.5,0,0,0,0,0,0,0,0.00,0,4.5
215,Lassi - A South Indian Drink,Highball Glass,0,0,0,0,1,0,1,0,0,0,10,0,0,0,0,0,0,0,1,0,0,4,0.00,1,16
216,Mojito,Highball glass,0,0,0,0,0,0,0,0,0,1,0,0,2.5,0,0,0,0,0,1,0,0,0,0.00,0,4.5
217,Mai Tai,Collins glass,1,0,0,0,0,0,1,0,0.5,0,0,0,1,0,0,0,0,1.5,0,0,0,0,0.50,0,3.5
218,Martini,Cocktail glass,0,1,0,0,0,0,1,1.667,0,0,0,0,0,0,0,0.334,0,0,0,0,0,0,0.00,0,2.001
219,Michelada,Pint glass,0,0,0,0,0,0,0,0,0,0.5,0,0,0,0,0,0,4,4,0,0,0,0,0.00,0,8.5
220,Manhattan,Cocktail glass,0,1,0,0,0,0,1,0,1,0.1,0,0,0,2.5,0,0.75,0,0,0,0,0,0,0.00,0,4.35
221,Mint Julep,Collins glass,0,1,0,1,0,0,2,0,0,0,0.334,0,0,2.5,0,0,0,0,1,0,0,0,0.00,0,3.834
222,Mudslinger,Punch bowl,0,1,0,0,0,0,1,0,25.3,33.814,0,0,0,0,0,0,0,25.36,0,0,0,0,0.00,0,84.474
223,Martinez 2,Cocktail glass,0,1,0,0,0,0,1,1.5,0.2,0,0,0,0,0,0,1.5,0,0,0,0,0,0,0.00,0,3.2
224,Miami Vice,Cocktail glass,0,0,0,1,0,0,1,0,0,0,0,0,5,0,0,0,0,0,0,0,0,0,0.00,0,5
225,Moscow Mule,Copper Mug,0,1,0,0,0,0,1,0,0,2,0,0,0,0,2,0,0,8,0,0,0,0,0.00,0,12
226,Masala Chai,Coffee Mug,0,0,0,0,0,0,0,0,0,1,16.5,0,0,0,0,0,0,0,0,0,0,0,0.00,0,17.5
227,Munich Mule,Highball glass,0,0,0,0,0,0,0,1.7,0,0.677,0,0,0,0,0,0,0,3.39,0,0,0,0,0.00,0,5.767
228,Mocha-Berry,Irish coffee cup,0,0,0,0,0,0,0,0,2,0,6,0,0,0,0,0,0,0,0,0,0,0,0.00,0,8
229,Mango Mojito,Jar,0,1,0,0,1,0,2,0,0,3,0.1,0,6.762,0,0,0,0,0,1,0,0,0,0.00,0,10.862
230,Mojito Extra,Collins glass,0,0,0,0,0,0,0,0,0.17,1.02,0,0,4.227,0,0,0,0,0,1,0,0,0,0.00,0,6.417
231,Monkey Gland,Cocktail glass,1,0,0,0,0,0,1,2,0,0.5,0,0,0,0,0,0,0,0,0,0,0,0,0.17,0,2.667
232,Midnight Mint,Cocktail glass,1,0,0,0,0,0,1,0,1.75,0,0,0,0,0,0,0,0,0,0,0,0,1.5,0.00,0,3.25
233,Mary Pickford,Cocktail glass,1,0,0,0,0,0,1,0,0.083,1,0,0,1.5,0,0,0,0,0,0,0,0,0,0.17,0,2.75
234,Monkey Wrench,Old-fashioned glass,0,1,0,0,0,0,1,0,0,3,0,0,1.5,0,0,0,0,0,0,0,0,0,0.00,0,4.5
235,Mother's Milk,Shot glass,1,0,0,0,0,0,1,0,1,0,0,1,0,0,0,0,0,0,0,0,1,0,0.00,0,3
236,Negroni,Old-fashioned glass,0,1,0,0,0,0,1,2,1,0,0,0,0,0,0,1,0,0,0,0,0,0,0.00,0,4
237,Nutty Irishman,Highball Glass,0,0,0,0,0,0,0,0,2,0,0,0,0,0,0,0,0,0,0,0,1,0,0.00,0,3
238,National Aquarium,Collins Glass,1,0,0,0,0,0,1,0.5,0.5,0,0,0,0.5,0,0.5,0,0,2.125,0,0,0,0,0.00,0,4.125
239,New York Lemonade,Cocktail glass,0,1,0,0,0,0,1,0,1,2,0,0,0,0,2,0,0,0,0,0,0,0,0.00,0,5
240,Nuked Hot Chocolate,Coffee mug,0,1,0,0,0,0,1,0,0,0,0,0,0,0,0,0,0,0,0,0,12,0,0.00,0,12
241,Orgasm,Cocktail glass,1,0,0,0,0,0,1,0,1,0,0,0,0,0,0.5,0,0,0,0,0,0,1,0.00,0,2.5
242,Old Pal,Nick and Nora Glass,0,1,0,0,0,0,1,0,1,0,0,0,0,2,0,1,0,0,0,0,0,0,0.00,0,4
243,Orangeade,Highball glass,0,1,0,0,0,0,1,0,0,5.08,0,0,0,0,0,0,0,0,0,0,0,0,0.85,0,5.93
244,Orange Crush,Shot glass,0,0,0,0,0,0,0,0,1,1,0,0,0,0,1,0,0,0,0,0,0,0,0.00,0,3
245,Orange Oasis,Highball glass,1,1,0,0,0,0,2,1.5,1,4,0,0,0,0,0,0,0,0,0,0,0,0,0.00,0,6.5
246,Old Fashioned,Old-fashioned glass,0,0,0,0,0,0,0,0,0.04,0,0.02,0,0,4.521,0,0,0,0,0,0,0,0,0.00,0,4.581
247,Oreo Mudslide,Collins Glass,0,0,0,1,1,0,2,0,1,0,0,0,0,0,1,0,0,0,0,0,0,0,0.00,0,2
248,Oatmeal Cookie,Mason jar,0,0,0,0,0,0,0,0,5,0,0,0.5,0,0,0,0,0,0,0,0,0,0,0.00,0,5.5
249,Orange Push-up,Hurricane glass,0,0,0,0,1,0,1,0,1.5,4,0,0,0,0,0,0,0,0.125,0,0,0,0,0.50,0,6.125
250,Orange Rosemary Collins,Highball glass,0,0,0,0,0,0,0,1.5,0,0,0.1,0,0,0,0,0,0,0,0,1,0,0,0.85,0,3.45
251,Owen's Grandmother's Revenge,Highball glass,0,0,0,0,1,0,1,0,0,0,0,0,0,12,0,0,12,12,0,0,0,0,0.00,0,36
252,Paradise,Cocktail glass,1,0,0,0,0,0,1,7,0,3,0,4,0,0,0,0,0,0,0,0,0,0,0.00,0,14
253,Pink Gin,White wine glass,1,0,0,0,0,0,1,2,0,0,0,0,0,0,0,0,0,0,0,0,0,0,0.00,0,2
254,Pegu Club,Cocktail glass,1,0,0,0,0,0,1,1.5,0.77,0.75,0,0,0,0,0,0,0,0,0,0,0,0,0.00,0,3.02
255,Pink Lady,Cocktail glass,1,0,0,0,0,0,1,1.5,0,0,0,0,0,0,0,0,0,0,0,0,0,0.167,0.17,0,1.834
256,Pink Moon,Whiskey Glass,1,0,0,0,0,0,1,1.5,1.5,1.01,0.845,0,0,0,0,0,0,0,0,0,0,0,0.00,0,4.855
257,Penicillin,Old-fashioned glass,1,0,1,0,1,0,3,0,0,0.75,0,0,0,0.25,0,0,0,0,0,0,0,0,0.32,0,1.32
258,Pisco Sour,Cocktail glass,1,0,0,0,0,0,1,0,0,1,0,2,0,0,0,0,0,0,0,0,0,0,0.00,0,3
259,Pina Colada,Collins glass,0,0,0,0,1,0,1,0,0,1.5,0,0,3,0,0,0,0,0,0,0,1.5,0,0.00,0,6
260,Pink Penocha,Punch bowl,0,1,0,0,0,0,1,0,60,128,0,0,0,0,60,0,0,0,0,0,0,0,0.00,0,248
261,Pure Passion,Whiskey sour glass,0,1,0,0,0,0,1,0,0.7,1.01,0,0,1.352,0,0,0,0,0,1,0,0,0,0.51,0,4.569
262,Popped cherry,Highball glass,0,0,0,0,0,0,0,0,2,4,0,0,0,0,2,0,0,0,0,0,0,0,0.00,0,8
263,Poppy Cocktail,Cocktail glass,1,0,0,0,0,0,1,1.5,0.75,0,0,0,0,0,0,0,0,0,0,0,0,0,0.00,0,2.25
264,Port Wine Flip,Whiskey sour glass,1,0,0,0,0,0,1,0,0,0,0,0,0,0,0,1.5,0,0,0,0,0,0.34,0.00,0,1.84
265,Planter's Punch,Collins glass,1,0,0,0,0,0,1,0,0,1,0,0,1,0,0,0,0,0,0,0,0,0,0.50,0,2.5
266,Pornstar Martini,Cocktail glass,1,0,0,0,0,0,1,0,1.01,1,0,0,0,0,1.01,1.5,0,0,0,0,0,0,0.00,0,4.52
267,Planter?ôs Punch,Highball glass,1,0,0,0,0,0,1,0,0.1,1.75,0,0,1.521,0,0,0,0,0,0,0,0,0,1 cl,0,3.371
268,Port And Starboard,Pousse cafe glass,0,0,1,0,0,0,1,0,0.5,0,0,0,0,0,0,0,0,0,0,0,0,0,0.34,0,0.838
269,Pysch Vitamin Light,Collins Glass,1,0,0,0,0,0,1,0,0,1,0,0,0,0,0,0,0,0,0,0,0,0,0.00,0,1
270,Pink Panty Pulldowns,Collins Glass,1,0,0,0,0,0,1,0,0,0,0,0,0,0,16,0,0,16,0,0,0,0,0.00,0,32
271,Passion Fruit Martini,Cocktail glass,0,1,0,0,0,0,1,0,0,0,0,0,0,0,1.5,0,0,0,0,0,0,0,0.50,0,2
272,Pineapple Gingerale Smoothie,Highball Glass,0,0,0,0,1,0,1,0,0,0.5,0,0,0,0,0,0,0,0,0,0,0,0,0.00,0,0.5
273,Quentin,Cocktail glass,1,0,0,0,0,0,1,0,0.5,0,0,0,1.5,0,0,0,0,0,0,0,0,1,0.00,0,3
274,Queen Bee,Cocktail glass,1,0,0,0,0,0,1,0,0,0,0,1,0,0,1.5,0.5,0,0,0,0,0,0,0.00,0,3
275,Quick F**K,Shot glass,0,0,0,0,0,0,0,0,1,0,0,0,0,0,0,0,0,0,0,0,0,0,0.00,0,1
276,Quick-sand,Highball glass,0,0,0,0,0,0,0,0,0.845,8.45,0,0,0,0,0,0,0,0,0,0,0,0,0.00,0,9.295
277,Queen Charlotte,Collins glass,0,1,0,0,0,0,1,0,0,0,0,0,0,0,0,2,0,0,0,0,0,0,1.00,0,3
278,Queen Elizabeth,Cocktail glass,0,1,0,0,0,0,1,1.5,0,0,0,0,0,0,0,0.5,0,0,0,0,0,0,0.00,0,2
279,Quarter Deck Cocktail,Cocktail glass,0,1,0,0,0,0,1,0,0,0.5,0,0,1.5,0,0,0.334,0,0,0,0,0,0,0.00,0,2.334
280,Rose,Cocktail glass,1,0,0,0,0,0,1,1,0,0.25,0,0.5,0,0,0,0.5,0,0,0,0,0,0,0.17,0,2.417
281,Radler,Highball glass,0,0,0,0,0,0,0,0,0,0,0,0,0,0,0,0,12,12,0,0,0,0,0.00,0,24
282,Rum Sour,Whiskey sour glass,1,0,0,0,0,0,1,0,0,2,0,0,2,0,0,0,0,0,0,0,0,0,0.00,0,4
283,Rum Punch,Punch bowl,0,0,0,0,0,0,0,0,0,12,0,0,10,0,0,0,0,16,0,0,0,0,0.00,0,38
284,Rum Toddy,Old-fashioned glass,0,1,0,0,0,0,1,0,0,0,1,0,2,0,0,0,0,0,0,0,0,0,0.00,0,3
285,Royal Fizz,Collins glass,1,0,0,0,0,0,1,1,0,0,0,0,0,0,0,0,0,0,0,0,0,0,0.00,0,1
286,Rum Cooler,Collins glass,0,1,0,0,0,0,1,0,0,1,0,0,2,0,0,0,0,4,0,0,0,0,0.00,0,7
287,Rum Runner,Cocktail glass,0,0,0,0,0,0,0,0,0,3.5,0,1,1.5,0,0,0,0,0,0,0,0,0,0.00,0,6
288,Rusty Nail,Old-fashioned glass,0,1,0,0,0,0,1,0,0.5,0,0,0,0,1.5,0,0,0,0,0,0,0,0,0.00,0,2
289,Red Snapper,Old-fashioned glass,1,0,0,0,0,0,1,0,3,1.5,0,0,0,0,0,0,0,0,0,0,0,0,0.00,0,4.5
290,Royal Bitch,Shot glass,0,0,0,0,0,0,0,0,1,0,0,0,0,0,0,0,0,0,0,0,0,0,0.00,0,1
291,Royal Flush,Old-fashioned glass,0,0,0,0,0,0,0,0,2,1,0,0,0,0,0,0,0,0,0,0,0,0,0.00,0,3
292,Rum Cobbler,Old-fashioned glass,0,1,0,0,0,0,1,0,0,1,0,0,2,0,0,0,0,0,0,0,0,0,0.00,0,3
293,Ruby Tuesday,Highball glass,0,1,0,0,0,0,1,2,0,5,0,0,0,0,0,0,0,0,0,0,0,0,0.25,0,7.25
294,Rail Splitter,Highball glass,0,0,0,0,0,0,0,0,0,0,0,0,0,0,0,0,0,0,0,0,0,0,0.33,0,0.334
295,Rosemary Blue,Balloon Glass,0,0,0,0,0,0,0,1.7,0.5,0,0,0,0,0,0,0,0,3.39,0,1,0,0,0.00,0,6.59
296,Ramos Gin Fizz,Highball glass,1,0,0,0,0,0,1,1.52,0,1.01,0.676,0,0,0,0,0,0,0,0,0,0,2.028,1.01,0,6.244
297,Royal Gin Fizz,Highball glass,1,1,0,0,0,0,2,2,0,0.5,0,0,0,0,0,0,0,0,0,0,0,0,0.00,0,2.5
298,Rum Milk Punch,Collins glass,1,0,0,0,0,0,1,0,0,0,0,0,2,0,0,0,0,0,0,0,8,0,0.00,0,10
299,Raspberry Julep,Cordial glass,0,1,0,0,0,0,1,0,0,0,0,0,0,2,0,0,0,0,1,0,0,0,0.50,0,3.5
300,Rum Screwdriver,Highball glass,0,1,0,0,0,0,1,0,0,5,0,0,1.5,0,0,0,0,0,0,0,0,0,0.00,0,6.5
301,Raspberry Cooler,Highball glass,0,1,0,0,0,0,1,0,0,0,0,0,0,0,2,0,0,4,0,0,0,0,0.00,0,6
302,Rum Old-fashioned,Old-fashioned glass,0,1,1,0,0,0,2,0,0,0.1,0.167,0,1.67,0,0,0,0,0,0,0,0,0,0.00,0,1.937
303,Russian Spring Punch,Highball glass,0,0,0,0,0,0,0,0,0.507,0.845,0,0,0,0,0.85,0,0,0,0,0,0,0,3..9,0,2.202
304,Smut,Beer mug,0,0,0,0,0,0,0,0,1.5,0.334,0,0,0,0,0,0.334,0,0.334,0,0,0,0,0.00,0,2.502
305,Spritz,Old-Fashioned glass,0,0,0,0,0,1,1,0,1.352,0,0.1,0,0,0,0,2.02,0,0,0,0,0,0,0.00,0,3.472
306,Sangria,Pitcher,0,0,0,0,0,0,0,0,0,8,0,0,0,0,0,10,0,0,0,0,0,0,0.00,0,18
307,Sazerac,Old-fashioned glass,0,1,0,0,0,0,1,0,0.05,0,0.167,0,0,2,0,0.167,0,0,0,0,0,0,0.00,0,2.384
308,Sidecar,Cocktail glass,1,0,0,0,0,0,1,0,0.5,1,0,2,0,0,0,0,0,0,0,0,0,0,0.00,0,3.5
309,Spice 75,Wine Glass,1,0,0,0,0,0,1,0,0,3.05,0,0,6.763,0,0,2.028,0,0,0,0,0,0,0.00,0,11.841
310,Shot-gun,Shot glass,0,0,1,0,0,0,1,0,0,0,0,0,0,2,0,0,0,0,0,0,0,0,0.00,0,2
311,Salty Dog,Highball glass,0,1,0,0,0,0,1,1.5,0,5,0,0,0,0,0,0,0,0,0,0,0,0,0.00,1,7.5
312,Stone Sour,Whiskey sour glass,1,0,0,0,0,0,1,0,0,1,0,1,0,0,0,0,0,1,0,0,0,0,0.00,0,3
313,Sea breeze,Highball glass,0,0,0,0,0,1,1,0,0,1,0,0,0,0,1.5,0,0,0,0,0,0,0,0.00,0,2.5
314,Scotch Sour,Whiskey sour glass,1,0,0,0,0,0,1,0,0,0.5,0,0,0,1.5,0,0,0,0,0,0,0,0,0.00,0,2
315,Sweet Tooth,Highball Glass,0,0,0,0,0,0,0,0,3,0,0,0,0,0,0,0,0,0,0,0,0,0,0.00,0,3
316,Screwdriver,Highball glass,0,0,0,0,0,0,0,0,0,0,0,0,0,0,2,0,0,0,0,0,0,0,0.00,0,2
317,Sherry Flip,Nick and Nora Glass,1,0,0,0,0,0,1,0,0,0,0,0,0,0,0,1.5,0,0,0,0,0,0.33,0.00,0,1.83
318,Shark Attack,Pitcher,0,0,0,0,0,0,0,0,0,0,30,0,0,0,12,0,0,16,0,0,0,0,0.00,0,58
319,San Francisco,Highball glass,0,0,0,0,0,0,0,0,0.676,0,0,0,0,0,0.676,0,0,0,0,0,0,0,0.00,0,1.352
320,Space Odyssey,Highball glass,0,0,0,0,0,0,0,0,0,0,0,0,1.5,0,0,0,0,0,0,0,0,0,0.00,0,1.5
321,Sherry Eggnog,Collins glass,1,1,0,0,0,0,2,0,0,0,0,0,0,0,0,2,0,0,0,0,0,0,0.00,0,2
322,Sweet Bananas,Highball Glass,0,0,0,0,1,0,1,0,0,0,0,0,0,0,0,0,0,0,0,0,16,0,0.00,0,16
323,Sweet Sangria,Pitcher,0,0,0,0,0,0,0,0,0,0,16,0,0,0,0,20,0,0,0,0,0,0,0.00,0,36
324,Thriller,Cocktail glass,1,0,0,0,0,0,1,0,0,1,0,0,0,1.5,0,1,0,0,0,0,0,0,0.00,0,3.5
325,The Galah,Collins glass,0,0,0,0,0,0,0,0,0.75,0.1,0,0,1.5,0,0,0,0,0,0,0,0,0,0.00,0,2.35
326,Tia-Maria,Collins Glass,0,0,0,0,0,0,0,0,0,0,8.667,0,8,0,0,0,0,0,0,0,0,0,0.00,0,16.667
327,Tipperary,Nick and Nora Glass,0,1,0,0,0,0,1,0,0.5,0,0,0,0,2,0,1,0,0,0,0,0,0,0.00,0,3.5
328,Turkeyball,Shot glass,1,0,0,0,0,0,1,0,0.75,1,0,0,0,1,0,0,0,0,0,0,0,0,0.00,0,2.75
329,Texas Sling,Wine Glass,0,0,0,0,1,0,1,0,0.5,0,0,0,0.5,0,0,0,0,0,0,0,0,1,0.00,0,2
330,Thai Coffee,Highball glass,0,0,1,0,0,0,1,0,0,0,3,0,0,0,0,0,0,0,0,0,0,0,0.00,0,3
331,Tom Collins,Collins glass,1,1,0,0,0,0,2,2,0,2,0,0,0,0,0,0,0,0,0,0,0,0,0.00,0,4
332,Tomato Tang,Highball glass,0,0,0,0,1,0,1,0,0,0.75,0,0,0,0,0,0,0,32,0,0,0,0,0.00,0,32.75
333,Talos Coffee,Brandy snifter,0,0,0,0,0,0,0,0,3,0,1,0,0,0,0,0,0,0,0,0,0,0,0.00,0,4
334,Tennesee Mud,Coffee Mug,0,0,0,0,0,0,0,0,4,0,8,0,0,4,0,0,0,0,0,0,0,0,0.00,0,16
335,Thai Iced Tea,Highball glass,0,1,0,0,1,0,2,0,0,0,6,0,0,0,0,0,0,0,1,0,0.35,0,0.00,0,7.35
336,The Last Word,Cocktail glass,1,0,0,0,0,0,1,0,2,1,0,0,0,0,0,0,0,0,0,0,0,0,0.00,0,3
337,Turf Cocktail,Cocktail glass,0,1,0,0,0,0,1,1,0,0.1,0,0,0,0,0,1,0,0,0,0,0,0,0.00,0,2.1
338,The Laverstoke,Balloon Glass,0,1,0,0,0,0,1,1.7,0,1,0.5,0,0,0,0,0.5,0,2.536,1,0,0,0,0.00,0,7.236
339,The Philosopher,Margarita glass,1,0,0,0,0,0,1,1.5,1.02,0.2,0,0,0,0,0,0.1,0,0,0,0,0,0,0.00,0,2.82
340,Tuxedo Cocktail,Cocktail glass,0,1,0,0,0,0,1,1.5,0.07,0,0,0,0,0,0,1.5,0,0,0,0,0,0,0.00,0,3.07
341,The Jimmy Conway,Whiskey sour glass,0,0,0,0,0,0,0,0,1.7,4,0,0,0,1.7,0,0,0,0,0,0,0,0,0.00,0,7.4
342,Texas Rattlesnake,Highball glass,1,0,0,0,0,0,1,0,1.5,0,0,0,0,0,0,0,0,0.125,0,0,0,0,0.00,0,1.625
343,Vesper,Cocktail glass,1,0,0,0,0,0,1,2.02,0,0,0,0,0,0,0.507,0.254,0,0,0,0,0,0,0.00,0,2.781
344,Vesuvio,Old-fashioned glass,1,0,0,0,0,0,1,0,0,0.5,0,0,1,0,0,0.5,0,0,0,0,0,0,0.00,0,2
345,Veteran,Old-fashioned glass,0,1,0,0,0,0,1,0,0.5,0,0,0,2,0,0,0,0,0,0,0,0,0,0.00,0,2.5
346,Van Vleet,Old-fashioned glass,1,0,0,0,0,0,1,0,0,1,0,0,3,0,0,0,0,0,0,0,0,0,1.00,0,5
347,Vodka Fizz,White wine glass,0,0,0,0,1,0,1,0,0,0,0,0,0,0,2,0,0,2,0,0,0,0,0.00,0,4
348,Vodka Lemon,Highball glass,0,0,0,0,0,0,0,0,0,2.367,0,0,0,0,1.7,0,0,0,0,0,0,0,0.00,0,4.067
349,Vodka Slime,Highball glass,0,0,0,0,0,0,0,0,0,0.75,0,0,0,0,2.25,0,0,8,0,0,0,0,0.00,0,11
350,Vodka Tonic,Highball glass,0,0,0,0,0,0,0,0,0,0,0,0,0,0,1.352,0,0,3.381,0,0,0,0,0.00,0,4.733
351,Vodka Martini,Cocktail glass,1,0,0,0,0,0,1,0,0,0,0,0,0,0,1.5,0.75,0,0,0,0,0,0,0.00,0,2.25
352,Vodka Russian,Collins Glass,0,0,0,0,0,0,0,0,0,0,0,0,0,0,2,0,0,0,0,0,0,0,0.00,0,2
353,Vermouth Cassis,Highball glass,0,1,0,0,0,0,1,0,0.75,0,0,0,0,0,0,1.5,0,0,0,0,0,0,0.00,0,2.25
354,Victory Collins,Collins glass,1,0,0,0,0,0,1,0,0,3,0,0,0,0,1.5,0,0,0,0,0,0,0,0.00,0,4.5
355,Vodka And Tonic,Highball glass,0,1,0,0,0,0,1,0,0,0,0,0,0,0,2,0,0,0,0,0,0,0,0.00,0,2
356,Valencia Cocktail,Cocktail glass,1,0,0,0,0,0,1,0,0.4,1.5,0,1.5,0,0,0,0,0,0,0,0,0,0,0.00,0,3.4
357,Whisky Mac,Collins Glass,0,0,0,0,0,0,0,0,0,0,0,0,0,1.5,0,1,0,0,0,0,0,0,0.00,0,2.5
358,White Lady,Cocktail glass,1,0,0,0,0,0,1,1.352,1.01,0.676,0,0,0,0,0,0,0,0,0,0,0,0,0.00,0,3.038
359,Wine Punch,Collins Glass,0,0,0,0,0,0,0,0,0,2.672,0,0,0,0,0,10,0,0,0,0,0,0,0.00,0,12.672
360,Wine Cooler,Collins Glass,0,0,0,0,0,0,0,0,0,0,0,0,0,0,0,2,0,5,0,0,0,0,0.00,0,7
361,Whiskey Sour,Old-fashioned glass,1,0,0,0,0,0,1,0,0,0.5,0,0,0,2,0,0,0,0,0,0,0,0,0.00,0,2.5
362,White Russian,Old-fashioned glass,0,0,0,0,0,0,0,0,1,0,0,0,0,0,2,0,0,0,0,0,0,0,0.00,0,3
363,White Wine Sangria,Pitcher,0,0,0,0,0,0,0,0,0,8,0.1,4.5,0,0,0,25,0,0,0,0,0,0,0.00,0,37.6
364,Waikiki Beachcomber,Cocktail glass,1,0,0,0,0,0,1,0.75,0.75,0.5,0,0,0,0,0,0,0,0,0,0,0,0,0.00,0,2
365,Yellow Bird,Cocktail glass,1,0,0,0,0,0,1,0,0.508,0.507,0,0,1.014,0,0,0,0,0,0,0,0,0,0.00,0,2.029
366,Yoghurt Cooler,Highball Glass,0,0,0,0,1,0,1,0,0,8,0,0,0,0,0,0,0,0,0,0,0,8,0.00,0,16
367,Zorro,Coffee Mug,0,0,0,0,0,0,0,0,1.352,0,0,0,0,0,0,0,0,0,0,0,0,0,0.00,0,1.352
368,Zinger,Highball glass,0,0,0,0,0,0,0,0,6,0,0,0,0,0,0,0,0,6,0,0,0,0,0.00,0,12
369,Zombie,Hurricane glass,0,1,0,0,1,0,2,0,1.9,0.167,0,0,1,0,0,0,0,0,0,0,0,0,0.17,0,3.234
370,Zambeer,Collins Glass,0,1,0,0,0,0,1,0,1.5,0,0,0,0,0,0,0,0,10,0,0,0,0,0.00,0,11.5
371,Zorbatini,Cocktail glass,0,0,0,0,0,0,0,0,0,0,0,0,0,0,1.25,0.25,0,0,0,0,0,0,0.00,0,1.5
372,Zenmeister,Collins Glass,0,0,0,0,0,0,0,0,0.5,0,0,0,0,0,0,0,0,0.5,0,0,0,0,0.00,0,1
373,Zipperhead,Whiskey sour glass,0,0,0,0,0,0,0,0,1.5,0,1,0,0,0,1.5,0,0,0,0,0,0,0,0.00,0,4
374,Zima Blaster,Hurricane glass,0,0,0,0,0,0,0,0,3,12,0,0,0,0,0,0,0,0,0,0,0,0,0.00,0,15
375,Zizi Coin-coin,Margarita/Coupette glass,0,1,0,0,0,0,1,0,1.7,0.676,0,0,0,0,0,0,0,0,0,0,0,0,0.00,0,2.376
376,Zimadori Zinger,Collins glass,0,1,0,0,0,0,1,0,1.5,12,0,0,0,0,0,0,0,0,0,0,0,0,0.00,0,13.5
377,Zippy's Revenge,Old-fashioned glass,1,0,0,0,0,0,1,0,2,0,0,0,2,0,0,0,0,0,0,0,0,0,0.00,0,4
378,Ziemes Martini Apfelsaft,Collins Glass,0,0,0,0,0,0,0,0,0,0,0,0,0,0,0,1.353,0,0,0,0,0,0,0.00,0,1.353
379,155 Belmont,White wine glass,0,0,0,0,1,0,1,0,0,1.5,0,0,3,0,1.5,0,0,0,0,0,0,0,0.00,0,6
380,1-900-FUK-MEUP,Old-fashioned glass,1,0,0,0,0,0,1,0,0.25,0.25,0,0,0.375,0,0.5,0,0,0,0,0,0,0,0.00,0,1.375
381,151 Florida Bushwacker,Beer mug,0,0,0,0,1,0,1,0,1,0,0,0,0.5,0,0,0,0,0,0,0,3,0,0.00,0,4.5
382,252,Shot glass,0,0,0,0,0,0,0,0,0,0,0,0,0.5,0.5,0,0,0,0,0,0,0,0,0.00,0,1
383,24k nightmare,Shot glass,1,0,0,0,0,0,1,0,1,0,0,0.5,0.5,0,0,0,0,0,0,0,0,0,0.00,0,2
384,3 Wise Men,Collins glass,0,0,0,0,0,0,0,0,0,0,0,0,0,0.334,0,0,0,0,0,0,0,0,0.00,0,0.334
385,410 Gone,Collins Glass,0,0,0,0,0,0,0,0,0,0,0,0,0,0,2.5,0,0,0,0,0,0,0,0.00,0,2.5
386,50/50,Collins Glass,0,0,0,0,0,0,0,0,0.125,1,0,0,0,0,2.5,0,0,0,0,0,0,0,0.00,0,3.625
387,57 Chevy with a White License Plate,Highball glass,0,1,0,0,0,0,1,0,1,0,0,0,0,0,1,0,0,0,0,0,0,0,0.00,0,2
388,69 Special,Collins Glass,0,0,0,0,0,0,0,2,0,0.75,0,0,0,0,0,0,0,4,0,0,0,0,0.00,0,6.75
389,747,Shot glass,0,0,0,0,0,0,0,0,0.667,0,0,0,0,0,0,0,0,0,0,0,0,0,0.00,0,0.667
390,747 Drink,Highball glass,0,0,0,0,0,0,0,0,0,1,0,0,0,0,1,0,0,1,0,0,0,0,0.00,0,3
391,9 1/2 Weeks,Cocktail glass,0,0,0,0,0,0,0,0,0.625,1,0,0,0,0,2,0,0,0,0,0,0,0,0.00,0,3.625
